{
	"class_name" : "PinholeCameraParameters",
	"extrinsic" : 
	[
		0.44721359549995798,
		-0.0,
		-0.79900187110227572,
		0.0,
		0.89442719099991597,
		-0.0,
		0.39950093555113786,
		0.0,
		-0.0,
		-1.0,
		0.44943855249503012,
		0.0,
		1.4353319613997824,
		0.29084593734480824,
		4.6540899696539624,
		1.0
	],
	"intrinsic" : 
	{
		"height" : 720,
		"intrinsic_matrix" : 
		[
			623.53829072479584,
			0.0,
			0.0,
			0.0,
			623.53829072479584,
			0.0,
			639.5,
			359.5,
			1.0
		],
		"width" : 1280
	},
	"version_major" : 1,
	"version_minor" : 0
}